{
  "project_info": {
    "project_number": "328800503232",
    "project_id": "trackingapp-f1624",
    "storage_bucket": "trackingapp-f1624.appspot.com"
  },
  "client": [
    {
      "client_info": {
        "mobilesdk_app_id": "1:328800503232:android:5050caa4d0f7af61e4b425",
        "android_client_info": {
          "package_name": "com.maa.tracking_app"
        }
      },
      "oauth_client": [
        {
          "client_id": "328800503232-ig8bvfs1ot12cfrl1hqsfilsi6b07cqr.apps.googleusercontent.com",
          "client_type": 3
        }
      ],
      "api_key": [
        {
          "current_key": "AIzaSyDw1E6gmL5eWsY3sLARNo53I0Yr9Mt9dc4"
        }
      ],
      "services": {
        "appinvite_service": {
          "other_platform_oauth_client": [
            {
              "client_id": "328800503232-ig8bvfs1ot12cfrl1hqsfilsi6b07cqr.apps.googleusercontent.com",
              "client_type": 3
            },
            {
              "client_id": "328800503232-em5qjq90dgbecj1e75l8jtdg7ugh6nb4.apps.googleusercontent.com",
              "client_type": 2,
              "ios_info": {
                "bundle_id": "com.maa.trackingApp"
              }
            }
          ]
        }
      }
    }
  ],
  "configuration_version": "1"
}